Label,Value
1,0.427525 
2,0.435231 
3,0.441997 
4,0.428029 
5,missing label: 5 in mask
6,0.367611 
